{"cameraMode":{"drawMode":0,"name":"Shaded","section":"Shading Mode"},"sceneLighting":true,"audioPlay":false,"sceneViewState":{"showFog":true,"showMaterialUpdate":false,"showSkybox":true,"showFlares":true,"showImageEffects":true,"showParticleSystems":true},"in2DMode":false,"pivot":{"x":0.9394240975379944,"y":0.1334521770477295,"z":6.360357284545898},"rotation":{"x":-0.08412107825279236,"y":-0.0457240529358387,"z":0.0038663384038954975,"w":-0.9954087138175964},"size":18.887081146240236,"orthographic":false}